"dataset_id","rho_X","replicate","pred_lm","pred_xgb"
"rho60_rep001",0.6,1,"data/pred/rho60_rep001_lm.csv",NA
"rho60_rep002",0.6,2,"data/pred/rho60_rep002_lm.csv",NA
"rho60_rep003",0.6,3,"data/pred/rho60_rep003_lm.csv",NA
"rho60_rep004",0.6,4,"data/pred/rho60_rep004_lm.csv",NA
"rho60_rep005",0.6,5,"data/pred/rho60_rep005_lm.csv",NA
"rho60_rep006",0.6,6,"data/pred/rho60_rep006_lm.csv",NA
"rho60_rep007",0.6,7,"data/pred/rho60_rep007_lm.csv",NA
"rho60_rep008",0.6,8,"data/pred/rho60_rep008_lm.csv",NA
"rho60_rep009",0.6,9,"data/pred/rho60_rep009_lm.csv",NA
"rho60_rep010",0.6,10,"data/pred/rho60_rep010_lm.csv",NA
"rho60_rep011",0.6,11,"data/pred/rho60_rep011_lm.csv",NA
"rho60_rep012",0.6,12,"data/pred/rho60_rep012_lm.csv",NA
"rho60_rep013",0.6,13,"data/pred/rho60_rep013_lm.csv",NA
"rho60_rep014",0.6,14,"data/pred/rho60_rep014_lm.csv",NA
"rho60_rep015",0.6,15,"data/pred/rho60_rep015_lm.csv",NA
"rho60_rep016",0.6,16,"data/pred/rho60_rep016_lm.csv",NA
"rho60_rep017",0.6,17,"data/pred/rho60_rep017_lm.csv",NA
"rho60_rep018",0.6,18,"data/pred/rho60_rep018_lm.csv",NA
"rho60_rep019",0.6,19,"data/pred/rho60_rep019_lm.csv",NA
"rho60_rep020",0.6,20,"data/pred/rho60_rep020_lm.csv",NA
"rho60_rep021",0.6,21,"data/pred/rho60_rep021_lm.csv",NA
"rho60_rep022",0.6,22,"data/pred/rho60_rep022_lm.csv",NA
"rho60_rep023",0.6,23,"data/pred/rho60_rep023_lm.csv",NA
"rho60_rep024",0.6,24,"data/pred/rho60_rep024_lm.csv",NA
"rho60_rep025",0.6,25,"data/pred/rho60_rep025_lm.csv",NA
"rho60_rep026",0.6,26,"data/pred/rho60_rep026_lm.csv",NA
"rho60_rep027",0.6,27,"data/pred/rho60_rep027_lm.csv",NA
"rho60_rep028",0.6,28,"data/pred/rho60_rep028_lm.csv",NA
"rho60_rep029",0.6,29,"data/pred/rho60_rep029_lm.csv",NA
"rho60_rep030",0.6,30,"data/pred/rho60_rep030_lm.csv",NA
"rho60_rep031",0.6,31,"data/pred/rho60_rep031_lm.csv",NA
"rho60_rep032",0.6,32,"data/pred/rho60_rep032_lm.csv",NA
"rho60_rep033",0.6,33,"data/pred/rho60_rep033_lm.csv",NA
"rho60_rep034",0.6,34,"data/pred/rho60_rep034_lm.csv",NA
"rho60_rep035",0.6,35,"data/pred/rho60_rep035_lm.csv",NA
"rho60_rep036",0.6,36,"data/pred/rho60_rep036_lm.csv",NA
"rho60_rep037",0.6,37,"data/pred/rho60_rep037_lm.csv",NA
"rho60_rep038",0.6,38,"data/pred/rho60_rep038_lm.csv",NA
"rho60_rep039",0.6,39,"data/pred/rho60_rep039_lm.csv",NA
"rho60_rep040",0.6,40,"data/pred/rho60_rep040_lm.csv",NA
"rho60_rep041",0.6,41,"data/pred/rho60_rep041_lm.csv",NA
"rho60_rep042",0.6,42,"data/pred/rho60_rep042_lm.csv",NA
"rho60_rep043",0.6,43,"data/pred/rho60_rep043_lm.csv",NA
"rho60_rep044",0.6,44,"data/pred/rho60_rep044_lm.csv",NA
"rho60_rep045",0.6,45,"data/pred/rho60_rep045_lm.csv",NA
"rho60_rep046",0.6,46,"data/pred/rho60_rep046_lm.csv",NA
"rho60_rep047",0.6,47,"data/pred/rho60_rep047_lm.csv",NA
"rho60_rep048",0.6,48,"data/pred/rho60_rep048_lm.csv",NA
"rho60_rep049",0.6,49,"data/pred/rho60_rep049_lm.csv",NA
"rho60_rep050",0.6,50,"data/pred/rho60_rep050_lm.csv",NA
"rho80_rep001",0.8,1,"data/pred/rho80_rep001_lm.csv",NA
"rho80_rep002",0.8,2,"data/pred/rho80_rep002_lm.csv",NA
"rho80_rep003",0.8,3,"data/pred/rho80_rep003_lm.csv",NA
"rho80_rep004",0.8,4,"data/pred/rho80_rep004_lm.csv",NA
"rho80_rep005",0.8,5,"data/pred/rho80_rep005_lm.csv",NA
"rho80_rep006",0.8,6,"data/pred/rho80_rep006_lm.csv",NA
"rho80_rep007",0.8,7,"data/pred/rho80_rep007_lm.csv",NA
"rho80_rep008",0.8,8,"data/pred/rho80_rep008_lm.csv",NA
"rho80_rep009",0.8,9,"data/pred/rho80_rep009_lm.csv",NA
"rho80_rep010",0.8,10,"data/pred/rho80_rep010_lm.csv",NA
"rho80_rep011",0.8,11,"data/pred/rho80_rep011_lm.csv",NA
"rho80_rep012",0.8,12,"data/pred/rho80_rep012_lm.csv",NA
"rho80_rep013",0.8,13,"data/pred/rho80_rep013_lm.csv",NA
"rho80_rep014",0.8,14,"data/pred/rho80_rep014_lm.csv",NA
"rho80_rep015",0.8,15,"data/pred/rho80_rep015_lm.csv",NA
"rho80_rep016",0.8,16,"data/pred/rho80_rep016_lm.csv",NA
"rho80_rep017",0.8,17,"data/pred/rho80_rep017_lm.csv",NA
"rho80_rep018",0.8,18,"data/pred/rho80_rep018_lm.csv",NA
"rho80_rep019",0.8,19,"data/pred/rho80_rep019_lm.csv",NA
"rho80_rep020",0.8,20,"data/pred/rho80_rep020_lm.csv",NA
"rho80_rep021",0.8,21,"data/pred/rho80_rep021_lm.csv",NA
"rho80_rep022",0.8,22,"data/pred/rho80_rep022_lm.csv",NA
"rho80_rep023",0.8,23,"data/pred/rho80_rep023_lm.csv",NA
"rho80_rep024",0.8,24,"data/pred/rho80_rep024_lm.csv",NA
"rho80_rep025",0.8,25,"data/pred/rho80_rep025_lm.csv",NA
"rho80_rep026",0.8,26,"data/pred/rho80_rep026_lm.csv",NA
"rho80_rep027",0.8,27,"data/pred/rho80_rep027_lm.csv",NA
"rho80_rep028",0.8,28,"data/pred/rho80_rep028_lm.csv",NA
"rho80_rep029",0.8,29,"data/pred/rho80_rep029_lm.csv",NA
"rho80_rep030",0.8,30,"data/pred/rho80_rep030_lm.csv",NA
"rho80_rep031",0.8,31,"data/pred/rho80_rep031_lm.csv",NA
"rho80_rep032",0.8,32,"data/pred/rho80_rep032_lm.csv",NA
"rho80_rep033",0.8,33,"data/pred/rho80_rep033_lm.csv",NA
"rho80_rep034",0.8,34,"data/pred/rho80_rep034_lm.csv",NA
"rho80_rep035",0.8,35,"data/pred/rho80_rep035_lm.csv",NA
"rho80_rep036",0.8,36,"data/pred/rho80_rep036_lm.csv",NA
"rho80_rep037",0.8,37,"data/pred/rho80_rep037_lm.csv",NA
"rho80_rep038",0.8,38,"data/pred/rho80_rep038_lm.csv",NA
"rho80_rep039",0.8,39,"data/pred/rho80_rep039_lm.csv",NA
"rho80_rep040",0.8,40,"data/pred/rho80_rep040_lm.csv",NA
"rho80_rep041",0.8,41,"data/pred/rho80_rep041_lm.csv",NA
"rho80_rep042",0.8,42,"data/pred/rho80_rep042_lm.csv",NA
"rho80_rep043",0.8,43,"data/pred/rho80_rep043_lm.csv",NA
"rho80_rep044",0.8,44,"data/pred/rho80_rep044_lm.csv",NA
"rho80_rep045",0.8,45,"data/pred/rho80_rep045_lm.csv",NA
"rho80_rep046",0.8,46,"data/pred/rho80_rep046_lm.csv",NA
"rho80_rep047",0.8,47,"data/pred/rho80_rep047_lm.csv",NA
"rho80_rep048",0.8,48,"data/pred/rho80_rep048_lm.csv",NA
"rho80_rep049",0.8,49,"data/pred/rho80_rep049_lm.csv",NA
"rho80_rep050",0.8,50,"data/pred/rho80_rep050_lm.csv",NA
"rho100_rep001",1,1,"data/pred/rho100_rep001_lm.csv",NA
"rho100_rep002",1,2,"data/pred/rho100_rep002_lm.csv",NA
"rho100_rep003",1,3,"data/pred/rho100_rep003_lm.csv",NA
"rho100_rep004",1,4,"data/pred/rho100_rep004_lm.csv",NA
"rho100_rep005",1,5,"data/pred/rho100_rep005_lm.csv",NA
"rho100_rep006",1,6,"data/pred/rho100_rep006_lm.csv",NA
"rho100_rep007",1,7,"data/pred/rho100_rep007_lm.csv",NA
"rho100_rep008",1,8,"data/pred/rho100_rep008_lm.csv",NA
"rho100_rep009",1,9,"data/pred/rho100_rep009_lm.csv",NA
"rho100_rep010",1,10,"data/pred/rho100_rep010_lm.csv",NA
"rho100_rep011",1,11,"data/pred/rho100_rep011_lm.csv",NA
"rho100_rep012",1,12,"data/pred/rho100_rep012_lm.csv",NA
"rho100_rep013",1,13,"data/pred/rho100_rep013_lm.csv",NA
"rho100_rep014",1,14,"data/pred/rho100_rep014_lm.csv",NA
"rho100_rep015",1,15,"data/pred/rho100_rep015_lm.csv",NA
"rho100_rep016",1,16,"data/pred/rho100_rep016_lm.csv",NA
"rho100_rep017",1,17,"data/pred/rho100_rep017_lm.csv",NA
"rho100_rep018",1,18,"data/pred/rho100_rep018_lm.csv",NA
"rho100_rep019",1,19,"data/pred/rho100_rep019_lm.csv",NA
"rho100_rep020",1,20,"data/pred/rho100_rep020_lm.csv",NA
"rho100_rep021",1,21,"data/pred/rho100_rep021_lm.csv",NA
"rho100_rep022",1,22,"data/pred/rho100_rep022_lm.csv",NA
"rho100_rep023",1,23,"data/pred/rho100_rep023_lm.csv",NA
"rho100_rep024",1,24,"data/pred/rho100_rep024_lm.csv",NA
"rho100_rep025",1,25,"data/pred/rho100_rep025_lm.csv",NA
"rho100_rep026",1,26,"data/pred/rho100_rep026_lm.csv",NA
"rho100_rep027",1,27,"data/pred/rho100_rep027_lm.csv",NA
"rho100_rep028",1,28,"data/pred/rho100_rep028_lm.csv",NA
"rho100_rep029",1,29,"data/pred/rho100_rep029_lm.csv",NA
"rho100_rep030",1,30,"data/pred/rho100_rep030_lm.csv",NA
"rho100_rep031",1,31,"data/pred/rho100_rep031_lm.csv",NA
"rho100_rep032",1,32,"data/pred/rho100_rep032_lm.csv",NA
"rho100_rep033",1,33,"data/pred/rho100_rep033_lm.csv",NA
"rho100_rep034",1,34,"data/pred/rho100_rep034_lm.csv",NA
"rho100_rep035",1,35,"data/pred/rho100_rep035_lm.csv",NA
"rho100_rep036",1,36,"data/pred/rho100_rep036_lm.csv",NA
"rho100_rep037",1,37,"data/pred/rho100_rep037_lm.csv",NA
"rho100_rep038",1,38,"data/pred/rho100_rep038_lm.csv",NA
"rho100_rep039",1,39,"data/pred/rho100_rep039_lm.csv",NA
"rho100_rep040",1,40,"data/pred/rho100_rep040_lm.csv",NA
"rho100_rep041",1,41,"data/pred/rho100_rep041_lm.csv",NA
"rho100_rep042",1,42,"data/pred/rho100_rep042_lm.csv",NA
"rho100_rep043",1,43,"data/pred/rho100_rep043_lm.csv",NA
"rho100_rep044",1,44,"data/pred/rho100_rep044_lm.csv",NA
"rho100_rep045",1,45,"data/pred/rho100_rep045_lm.csv",NA
"rho100_rep046",1,46,"data/pred/rho100_rep046_lm.csv",NA
"rho100_rep047",1,47,"data/pred/rho100_rep047_lm.csv",NA
"rho100_rep048",1,48,"data/pred/rho100_rep048_lm.csv",NA
"rho100_rep049",1,49,"data/pred/rho100_rep049_lm.csv",NA
"rho100_rep050",1,50,"data/pred/rho100_rep050_lm.csv",NA
